dataset,openml_id,model,fold,acc,leaves,rule_len,rule_vars,features,fit_s,n,p,p_cat,c50py_version
nursery,26,c50py,0,0.992,142,9.47887323943662,6.316901408450704,8,0.5007053419999465,10000,8,8,0.4.2
nursery,26,c50py_cv,0,0.992,142,9.47887323943662,6.316901408450704,8,4.514441082000076,10000,8,8,0.4.2
nursery,26,c50py,1,0.988,135,9.333333333333334,6.318518518518519,8,0.4511012989999017,10000,8,8,0.4.2
nursery,26,c50py_cv,1,0.9895,146,9.321917808219178,6.342465753424658,8,4.422525074000077,10000,8,8,0.4.2
nursery,26,c50py,2,0.992,139,9.388489208633093,6.323741007194244,8,0.501290286999847,10000,8,8,0.4.2
nursery,26,c50py_cv,2,0.992,144,9.38888888888889,6.361111111111111,8,4.697534133999852,10000,8,8,0.4.2
nursery,26,c50py,3,0.9885,135,9.362962962962962,6.311111111111111,8,0.3651942929998313,10000,8,8,0.4.2
nursery,26,c50py_cv,3,0.9885,143,9.314685314685315,6.34965034965035,8,4.86881369799994,10000,8,8,0.4.2
nursery,26,c50py,4,0.991,135,9.251851851851852,6.311111111111111,8,0.406267822000018,10000,8,8,0.4.2
nursery,26,c50py_cv,4,0.991,135,9.251851851851852,6.311111111111111,8,4.353141128000061,10000,8,8,0.4.2
