dataset,openml_id,model,fold,acc,leaves,rule_len,rule_vars,features,fit_s,n,p,p_cat
hepatitis,55,c50py,0,0.7741935483870968,7.0,3.0,3.0,6.0,0.07092913699989367,155,19,13
hepatitis,55,c50py_cv,0,0.8064516129032258,3.0,1.6666666666666667,1.6666666666666667,2.0,0.6781731330002003,155,19,13
hepatitis,55,cart,0,0.8064516129032258,15.0,5.2,4.533333333333333,8.0,0.001820695000105843,155,19,13
hepatitis,55,cart_cv,0,0.8064516129032258,3.0,1.6666666666666667,1.6666666666666667,2.0,1.7955687270000453,155,19,13
hepatitis,55,c50py,1,0.7741935483870968,6.0,2.6666666666666665,2.6666666666666665,5.0,0.057587395000155084,155,19,13
hepatitis,55,c50py_cv,1,0.7741935483870968,6.0,2.6666666666666665,2.6666666666666665,5.0,0.5657225129998551,155,19,13
hepatitis,55,cart,1,0.7741935483870968,17.0,5.176470588235294,5.176470588235294,12.0,0.0016022379998048564,155,19,13
hepatitis,55,cart_cv,1,0.8709677419354839,8.0,3.25,3.25,7.0,1.64861053300001,155,19,13
hepatitis,55,c50py,2,0.8064516129032258,5.0,2.8,2.2,3.0,0.06297640799994042,155,19,13
hepatitis,55,c50py_cv,2,0.8064516129032258,5.0,2.8,2.2,3.0,0.7315885400000752,155,19,13
hepatitis,55,cart,2,0.7741935483870968,16.0,5.375,4.625,8.0,0.0015946029998303857,155,19,13
hepatitis,55,cart_cv,2,0.8064516129032258,2.0,1.0,1.0,1.0,2.2680287589998898,155,19,13
hepatitis,55,c50py,3,0.8387096774193549,17.0,5.470588235294118,5.470588235294118,14.0,0.1285011840000152,155,19,13
hepatitis,55,c50py_cv,3,0.8709677419354839,2.0,1.0,1.0,1.0,1.2754772450000473,155,19,13
hepatitis,55,cart,3,0.7096774193548387,17.0,5.411764705882353,3.8823529411764706,9.0,0.006139956999959395,155,19,13
hepatitis,55,cart_cv,3,0.7741935483870968,2.0,1.0,1.0,1.0,2.1558584260001226,155,19,13
hepatitis,55,c50py,4,0.7419354838709677,5.0,2.8,2.8,4.0,0.06666287300004115,155,19,13
hepatitis,55,c50py_cv,4,0.7096774193548387,2.0,1.0,1.0,1.0,0.7601637449999998,155,19,13
hepatitis,55,cart,4,0.8064516129032258,22.0,5.090909090909091,3.727272727272727,10.0,0.002116057000193905,155,19,13
hepatitis,55,cart_cv,4,0.7096774193548387,2.0,1.0,1.0,1.0,1.8960483939999904,155,19,13
hepatitis,55,C5.0_R,0,0.741935483870968,8.0,,,6.0,0.0209999999999999,155,19,13
hepatitis,55,C5.0_R,1,0.774193548387097,6.0,,,5.0,0.0129999999999999,155,19,13
hepatitis,55,C5.0_R,2,0.806451612903226,4.0,,,2.0,0.0179999999999998,155,19,13
hepatitis,55,C5.0_R,3,0.838709677419355,10.0,,,9.0,0.0129999999999999,155,19,13
hepatitis,55,C5.0_R,4,0.741935483870968,3.0,,,2.0,0.016,155,19,13
