dataset,openml_id,model,fold,acc,leaves,rule_len,rule_vars,features,fit_s,n_trees,n,p,p_cat,c50py_version
mushroom,24,c50py,0,1.0,8.0,3.875,3.875,7.0,0.2160411170002589,,8124,21,21,0.5.0
mushroom,24,c50py,1,1.0,8.0,3.875,3.875,7.0,0.303444249000222,,8124,21,21,0.5.0
mushroom,24,c50py,2,1.0,8.0,3.875,3.875,7.0,0.2705701019999651,,8124,21,21,0.5.0
mushroom,24,c50py,3,0.9987692307692309,7.0,3.571428571428572,3.571428571428572,6.0,0.2224642069995752,,8124,21,21,0.5.0
mushroom,24,c50py,4,1.0,8.0,3.875,3.875,7.0,0.2196604979999392,,8124,21,21,0.5.0
mushroom,24,c50py_cv,0,1.0,8.0,3.875,3.875,7.0,2.2833593649997965,,8124,21,21,0.5.0
mushroom,24,c50py_cv,1,1.0,8.0,3.875,3.875,7.0,2.161451925000165,,8124,21,21,0.5.0
mushroom,24,c50py_cv,2,1.0,8.0,3.875,3.875,7.0,4.645519031000276,,8124,21,21,0.5.0
mushroom,24,c50py_cv,3,0.9987692307692309,7.0,3.571428571428572,3.571428571428572,6.0,2.6296905250001146,,8124,21,21,0.5.0
mushroom,24,c50py_cv,4,1.0,8.0,3.875,3.875,7.0,2.5550514569999905,,8124,21,21,0.5.0
mushroom,24,c50py_winnow,0,1.0,8.0,3.875,3.875,7.0,0.8653614009999728,,8124,21,21,0.5.0
mushroom,24,c50py_winnow,1,1.0,8.0,3.875,3.875,7.0,0.7870091599997977,,8124,21,21,0.5.0
mushroom,24,c50py_winnow,2,1.0,7.0,3.571428571428572,3.2857142857142856,5.0,1.3262265419998585,,8124,21,21,0.5.0
mushroom,24,c50py_winnow,3,0.9987692307692309,7.0,3.571428571428572,3.571428571428572,6.0,0.5367887110000993,,8124,21,21,0.5.0
mushroom,24,c50py_winnow,4,1.0,8.0,3.875,3.625,6.0,0.6267746089997672,,8124,21,21,0.5.0
mushroom,24,c50py_rules,0,0.9993846153846154,7.0,2.0,2.0,7.0,0.3062979070000438,,8124,21,21,0.5.0
mushroom,24,c50py_rules,1,0.9981538461538462,6.0,1.8333333333333333,1.8333333333333333,6.0,0.2827989099996557,,8124,21,21,0.5.0
mushroom,24,c50py_rules,2,1.0,7.0,2.0,2.0,7.0,0.2759930089996487,,8124,21,21,0.5.0
mushroom,24,c50py_rules,3,0.9975384615384616,5.0,2.2,2.2,5.0,0.3117522729999109,,8124,21,21,0.5.0
mushroom,24,c50py_rules,4,0.998768472906404,7.0,2.0,2.0,7.0,0.3146511660006581,,8124,21,21,0.5.0
mushroom,24,c50py_boost,0,1.0,,,,,0.2763983999998345,1.0,8124,21,21,0.5.0
mushroom,24,c50py_boost,1,1.0,,,,,0.2010417070000585,1.0,8124,21,21,0.5.0
mushroom,24,c50py_boost,2,1.0,,,,,0.2307005329998901,1.0,8124,21,21,0.5.0
mushroom,24,c50py_boost,3,1.0,,,,,0.4440630399999463,2.0,8124,21,21,0.5.0
mushroom,24,c50py_boost,4,1.0,,,,,0.2156664379999711,1.0,8124,21,21,0.5.0
mushroom,24,cart,0,1.0,15.0,4.6,3.933333333333333,10.0,0.0217688830002771,,8124,21,21,0.5.0
mushroom,24,cart,1,1.0,14.0,4.357142857142857,3.642857142857143,9.0,0.0206089090002024,,8124,21,21,0.5.0
mushroom,24,cart,2,1.0,14.0,4.428571428571429,3.7857142857142856,10.0,0.0200096050002684,,8124,21,21,0.5.0
mushroom,24,cart,3,0.9987692307692309,14.0,4.428571428571429,3.571428571428572,9.0,0.0209203719996367,,8124,21,21,0.5.0
mushroom,24,cart,4,1.0,14.0,4.428571428571429,3.7857142857142856,9.0,0.0227200019999145,,8124,21,21,0.5.0
mushroom,24,cart_cv,0,1.0,14.0,4.357142857142857,3.642857142857143,8.0,11.653396510999755,,8124,21,21,0.5.0
mushroom,24,cart_cv,1,1.0,14.0,4.357142857142857,3.642857142857143,9.0,11.324009725999986,,8124,21,21,0.5.0
mushroom,24,cart_cv,2,1.0,14.0,4.428571428571429,3.7857142857142856,10.0,13.123622337000144,,8124,21,21,0.5.0
mushroom,24,cart_cv,3,0.9987692307692309,14.0,4.428571428571429,3.571428571428572,9.0,13.938347475000228,,8124,21,21,0.5.0
mushroom,24,cart_cv,4,1.0,14.0,4.428571428571429,3.7857142857142856,9.0,11.769713956000032,,8124,21,21,0.5.0
mushroom,24,hgb,0,1.0,,,,,0.2732801239999389,,8124,21,21,0.5.0
mushroom,24,hgb,1,1.0,,,,,0.2182307409998429,,8124,21,21,0.5.0
mushroom,24,hgb,2,1.0,,,,,0.2091692660001172,,8124,21,21,0.5.0
mushroom,24,hgb,3,1.0,,,,,0.2990782269998817,,8124,21,21,0.5.0
mushroom,24,hgb,4,1.0,,,,,0.2418415509996521,,8124,21,21,0.5.0
mushroom,24,C5.0_R,0,1.0,9.0,,,6.0,0.162,,8124,21,21,0.5.0
mushroom,24,C5.0_R,1,0.999384615384615,8.0,,,5.0,0.13,,8124,21,21,0.5.0
mushroom,24,C5.0_R,2,1.0,9.0,,,6.0,0.127,,8124,21,21,0.5.0
mushroom,24,C5.0_R,3,0.998769230769231,7.0,,,5.0,0.166,,8124,21,21,0.5.0
mushroom,24,C5.0_R,4,0.999384236453202,7.0,,,5.0,0.127,,8124,21,21,0.5.0
mushroom,24,C5.0_R_rules,0,0.999384615384615,7.0,,,6.0,0.155,,8124,21,21,0.5.0
mushroom,24,C5.0_R_rules,1,0.996307692307692,6.0,,,5.0,0.134,,8124,21,21,0.5.0
mushroom,24,C5.0_R_rules,2,1.0,7.0,,,6.0,0.132,,8124,21,21,0.5.0
mushroom,24,C5.0_R_rules,3,0.997538461538461,7.0,,,5.0,0.138,,8124,21,21,0.5.0
mushroom,24,C5.0_R_rules,4,0.998768472906404,7.0,,,5.0,0.123,,8124,21,21,0.5.0
mushroom,24,C5.0_R_boost,0,1.0,,,,,0.134,,8124,21,21,0.5.0
mushroom,24,C5.0_R_boost,1,1.0,,,,,0.181,,8124,21,21,0.5.0
mushroom,24,C5.0_R_boost,2,1.0,,,,,0.135,,8124,21,21,0.5.0
mushroom,24,C5.0_R_boost,3,1.0,,,,,0.245,,8124,21,21,0.5.0
mushroom,24,C5.0_R_boost,4,1.0,,,,,0.149,,8124,21,21,0.5.0
